Date,BEL.NS,BIOCON.NS,HAL.NS,ICICIBANK.NS,POWERGRID.NS,SBIN.NS,SUNPHARMA.NS,TATAPOWER.NS,^NSEI
2024-01-01,181.6683349609375,254.8555908203125,2768.619873046875,983.28271484375,219.29544067382812,618.3558349609375,1229.60107421875,326.8536682128906,21741.900390625
2024-01-02,178.91799926757812,265.4766845703125,2734.775634765625,966.4093017578125,218.92727661132812,616.5239868164062,1264.6768798828125,326.40838623046875,21665.80078125
2024-01-03,179.11447143554688,281.582763671875,2811.378173828125,968.1802368164062,218.19090270996094,620.3805541992188,1267.0184326171875,323.2912902832031,21517.349609375
2024-01-04,183.58372497558594,282.8293762207031,2844.928466796875,971.2302856445312,222.24082946777344,619.7056274414062,1281.01953125,334.3249206542969,21658.599609375
2024-01-05,182.65057373046875,290.5084228515625,2937.59619140625,977.6746215820312,222.05674743652344,618.9343872070312,1268.57958984375,337.1946716308594,21710.80078125
2024-01-08,180.34228515625,279.78765869140625,2934.412841796875,966.163330078125,223.06924438476562,604.5203247070312,1273.5556640625,335.4134521484375,21513.0
2024-01-09,181.37367248535156,280.4358825683594,2948.763427734375,963.9495849609375,223.02320861816406,602.9777221679688,1291.8006591796875,336.650390625,21544.849609375
2024-01-10,182.3068084716797,280.6852111816406,2955.66943359375,977.0350952148438,220.12380981445312,599.4585571289062,1292.630126953125,342.835205078125,21618.69921875
2024-01-11,181.0789794921875,281.3334655761719,2958.755126953125,975.165771484375,222.7010498046875,597.9641723632812,1284.2393798828125,353.57196044921875,21647.19921875
2024-01-12,180.2440643310547,273.4549255371094,2940.6328125,987.3165893554688,220.4459686279297,610.8836669921875,1293.7034912109375,354.0173034667969,21894.55078125
2024-01-15,185.3026885986328,280.336181640625,2968.64892578125,993.5641479492188,221.9647216796875,617.150634765625,1297.020751953125,355.1552734375,22097.44921875
2024-01-16,183.4855194091797,286.8184814453125,2932.40478515625,992.777099609375,220.0317840576172,614.0654296875,1281.507568359375,349.76214599609375,22032.30078125
2024-01-17,182.35592651367188,278.9399719238281,2897.87451171875,965.9173583984375,220.1698455810547,603.5562133789062,1267.408935546875,345.16064453125,21571.94921875
2024-01-18,184.86065673828125,279.538330078125,2906.98486328125,970.443115234375,214.87728881835938,605.773681640625,1303.26513671875,341.944580078125,21462.25
2024-01-19,188.4459228515625,275.3497619628906,2966.2978515625,983.0859375,216.6721649169922,605.2434692382812,1303.1187744140625,345.01220703125,21622.400390625
2024-01-23,183.7801971435547,261.7867126464844,2831.459228515625,1012.45458984375,219.01930236816406,583.4054565429688,1344.7802734375,342.5877990722656,21238.80078125
2024-01-24,185.8920440673828,263.7812805175781,2871.572998046875,983.0859375,226.61294555664062,596.1322021484375,1348.48779296875,353.22564697265625,21453.94921875
2024-01-25,186.33404541015625,257.9970397949219,2844.48779296875,993.66259765625,225.96861267089844,590.78125,1335.0235595703125,361.29058837890625,21352.599609375
2024-01-29,187.51275634765625,259.39324951171875,2916.143310546875,1000.008544921875,233.74636840820312,600.6155395507812,1366.7818603515625,377.915283203125,21737.599609375
2024-01-30,184.5659942626953,259.2934875488281,2951.0166015625,1000.5005493164062,233.8844451904297,604.279296875,1338.3896484375,379.251220703125,21522.099609375
2024-01-31,182.60147094726562,267.670654296875,2938.135009765625,1011.569091796875,238.6707000732422,617.5363159179688,1383.953857421875,385.6833801269531,21725.69921875
2024-02-01,180.1458282470703,269.21649169921875,2936.32275390625,1008.6174926757812,244.65362548828125,624.4299926757812,1373.7091064453125,384.79278564453125,21697.44921875
2024-02-02,181.3245391845703,273.9535827636719,2910.021484375,1007.4859619140625,255.0546417236328,626.3582763671875,1382.1976318359375,385.7328796386719,21853.80078125
2024-02-05,178.32867431640625,283.8764953613281,2872.6015625,1006.9940795898438,260.3931884765625,619.8984985351562,1428.2010498046875,389.8890686035156,21771.69921875
2024-02-06,179.85118103027344,297.7387390136719,2898.021484375,1009.8472900390625,252.4313507080078,626.936767578125,1439.226318359375,388.85003662109375,21929.400390625
2024-02-07,178.4759979248047,289.4612731933594,2889.499267578125,1005.6658325195312,246.632568359375,651.0404052734375,1459.81298828125,391.02703857421875,21930.5
2024-02-08,181.52099609375,283.9263916015625,3033.9375,973.3455810546875,254.22622680664062,674.46923828125,1463.1302490234375,403.14923095703125,21717.94921875
2024-02-09,178.1193084716797,272.6571044921875,2904.780517578125,994.4005126953125,251.2808074951172,699.247802734375,1506.0107421875,388.0088806152344,21782.5
2024-02-12,172.20335388183594,265.9753112792969,2787.917236328125,980.035888671875,248.79559326171875,682.5198364257812,1505.6671142578125,357.9260559082031,21616.05078125
2024-02-13,174.12608337402344,266.47393798828125,2862.90380859375,1003.3536987304688,248.7495880126953,687.8709106445312,1513.271728515625,361.2410888671875,21743.25
2024-02-14,179.05601501464844,270.9617004394531,2896.69921875,1006.2069702148438,251.8790740966797,716.7470703125,1491.8807373046875,369.8008728027344,21840.05078125
2024-02-15,183.34506225585938,273.55462646484375,2961.448974609375,1000.2545166015625,263.57696533203125,734.3909301757812,1481.5775146484375,374.8971252441406,21910.75
2024-02-16,185.66217041015625,286.0705261230469,3015.913330078125,1006.7481079101562,256.93255615234375,727.6419677734375,1481.626708984375,372.37371826171875,22040.69921875
2024-02-19,186.10586547851562,290.25909423828125,2960.028564453125,1026.91748046875,258.6170654296875,732.02880859375,1501.398681640625,376.5299072265625,22122.25
2024-02-20,187.979248046875,280.4358825683594,2955.637451171875,1031.8367919921875,269.4259338378906,732.8483276367188,1509.83740234375,374.99609375,22196.94921875
2024-02-21,186.05653381347656,273.25543212890625,2909.013427734375,1034.985107421875,262.1264343261719,743.839599609375,1514.4493408203125,371.5326232910156,22055.05078125
2024-02-22,192.0218048095703,270.0641174316406,2965.850341796875,1045.5618896484375,264.4660339355469,738.4403686523438,1528.8245849609375,373.95703125,22217.44921875
2024-02-23,202.42401123046875,272.3080139160156,3005.172607421875,1044.1845703125,263.8577575683594,731.8359375,1531.9644775390625,374.4518127441406,22212.69921875
2024-02-26,201.3887176513672,272.20831298828125,3009.366455078125,1037.1988525390625,269.33233642578125,731.69140625,1527.7451171875,374.4518127441406,22122.05078125
2024-02-27,202.47332763671875,274.9508361816406,3054.5107421875,1043.1021728515625,273.7307434082031,722.9658203125,1553.061279296875,371.6315612792969,22198.349609375
2024-02-28,202.76910400390625,270.3134765625,3044.34716796875,1029.327880859375,261.61175537109375,715.8793334960938,1544.3280029296875,361.9338073730469,21951.150390625
2024-02-29,202.22682189941406,275.7486572265625,3043.21240234375,1035.231201171875,264.6999816894531,721.2785034179688,1548.3511962890625,367.8711853027344,21982.80078125
2024-03-01,202.71981811523438,273.1557312011719,3112.531982421875,1069.37158203125,269.23876953125,741.5738525390625,1530.001953125,373.4622497558594,22338.75
2024-03-04,206.6637725830078,278.1421203613281,3172.37890625,1074.733642578125,275.7428283691406,744.369873046875,1522.9862060546875,387.66253662109375,22405.599609375
2024-03-05,207.79766845703125,279.1893005371094,3194.136962890625,1070.503173828125,276.0703430175781,755.84326171875,1544.6715087890625,392.0166015625,22356.30078125
2024-03-06,207.50186157226562,273.7541198730469,3185.453369140625,1079.4071044921875,274.85382080078125,755.7950439453125,1573.91259765625,390.8291320800781,22474.05078125
2024-03-07,212.18531799316406,281.1340026855469,3273.37353515625,1070.4046630859375,273.8711242675781,759.7962036132812,1575.5806884765625,420.81298828125,22493.55078125
2024-03-11,209.57244873046875,278.44134521484375,3326.806640625,1061.3037109375,267.2266845703125,745.9607543945312,1563.707763671875,408.8392333984375,22332.650390625
2024-03-12,201.3887176513672,269.6153869628906,3224.282470703125,1059.483642578125,266.8524169921875,732.4627075195312,1554.582275390625,391.9671630859375,22335.69921875
2024-03-13,187.63414001464844,252.16293334960938,2999.252197265625,1066.4691162109375,247.34030151367188,720.4590454101562,1529.3641357421875,368.0691223144531,21997.69921875
2024-03-14,192.51480102539062,266.6733703613281,3124.02783203125,1066.124755859375,249.2587890625,714.4813232421875,1540.74658203125,380.4386901855469,22146.650390625
2024-03-15,186.2044677734375,250.9661865234375,3058.06298828125,1062.92724609375,248.88442993164062,705.659423828125,1519.1593017578125,376.7773132324219,22023.349609375
2024-03-18,187.23974609375,249.96890258789062,3080.6103515625,1063.7635498046875,247.90179443359375,704.7434692382812,1541.7769775390625,388.652099609375,22055.69921875
2024-03-19,182.8027801513672,245.08221435546875,3018.395263671875,1066.4691162109375,242.38040161132812,697.8497924804688,1519.4044189453125,379.251220703125,21817.44921875
2024-03-20,184.82406616210938,246.1792449951172,2941.033447265625,1067.0103759765625,247.66783142089844,709.8534545898438,1520.2877197265625,375.9361572265625,21839.099609375
2024-03-21,194.09239196777344,248.02420043945312,3080.018310546875,1064.3538818359375,256.1839599609375,717.61474609375,1535.8402099609375,388.058349609375,22011.94921875
2024-03-22,195.42822265625,251.5146942138672,3128.8134765625,1072.716796875,258.05560302734375,719.9287719726562,1578.720703125,386.62347412109375,22096.75
2024-03-26,197.30828857421875,256.9997863769531,3257.09228515625,1066.22314453125,252.72132873535156,713.5172119140625,1568.123291015625,386.0297546386719,22004.69921875
2024-03-27,197.35777282714844,255.9027557373047,3237.603759765625,1066.2724609375,252.9084930419922,707.0092163085938,1574.059814453125,384.34747314453125,22123.650390625
2024-03-28,199.38626098632812,263.43218994140625,3282.945068359375,1075.66845703125,259.13177490234375,725.3761596679688,1590.1522216796875,390.08697509765625,22326.900390625
2024-04-01,208.8855743408203,268.9671630859375,3358.284423828125,1081.916015625,262.1732482910156,731.1128540039062,1598.68896484375,402.7039489746094,22462.0
2024-04-02,218.6817169189453,269.316162109375,3496.084716796875,1063.7635498046875,261.61175537109375,738.9224853515625,1591.8203125,404.53460693359375,22453.30078125
2024-04-03,219.1764678955078,271.8592834472656,3541.77197265625,1059.827880859375,262.1264343261719,743.40576171875,1589.4652099609375,407.9486389160156,22434.650390625
2024-04-04,217.9890594482422,269.5156555175781,3494.062255859375,1061.451416015625,259.8336486816406,732.0770263671875,1588.974609375,409.7793273925781,22514.650390625
2024-04-05,222.14498901367188,270.2137451171875,3538.56494140625,1065.9281005859375,260.5354919433594,737.3316040039062,1578.8187255859375,410.27410888671875,22513.69921875
2024-04-08,221.2049560546875,273.05596923828125,3519.9150390625,1069.6175537109375,263.6705627441406,740.7543334960938,1569.693115234375,412.005859375,22666.30078125
2024-04-09,225.75669860839844,270.56280517578125,3499.588134765625,1089.1966552734375,263.1558837890625,736.8013305664062,1572.4898681640625,425.41448974609375,22642.75
2024-04-10,226.35040283203125,277.54376220703125,3518.188232421875,1091.5087890625,264.4192199707031,751.118896484375,1573.961669921875,427.443115234375,22753.80078125
2024-04-12,231.0505828857422,273.25543212890625,3589.92578125,1086.58935546875,257.587646484375,738.8259887695312,1511.1131591796875,432.39093017578125,22519.400390625
2024-04-15,231.99061584472656,264.52923583984375,3581.193115234375,1060.95947265625,256.4646301269531,730.341552734375,1511.1622314453125,427.09674072265625,22272.5
2024-04-16,231.0010986328125,263.0333251953125,3672.862548828125,1049.841796875,256.65185546875,724.74951171875,1508.7091064453125,425.9092712402344,22147.900390625
2024-04-18,228.7252197265625,266.47393798828125,3628.45849609375,1038.4288330078125,262.1264343261719,718.0968627929688,1487.9556884765625,425.2660217285156,21995.849609375
2024-04-19,230.85267639160156,260.93902587890625,3701.626953125,1050.03857421875,263.57696533203125,723.5443115234375,1494.2357177734375,423.6332702636719,22147.0
2024-04-22,230.85267639160156,270.4131774902344,3735.373779296875,1069.125732421875,265.4486389160156,738.6331787109375,1511.2110595703125,423.4848327636719,22336.400390625
2024-04-23,231.8916778564453,279.38873291015625,3745.438720703125,1072.6676025390625,267.03961181640625,745.2858276367188,1456.8013916015625,425.1670837402344,22368.0
2024-04-24,234.0191192626953,288.8130798339844,3894.439453125,1079.062744140625,271.7655029296875,745.3822021484375,1457.8807373046875,423.8311462402344,22402.400390625
2024-04-25,235.10757446289062,290.85748291015625,3947.773681640625,1095.78857421875,274.47943115234375,783.5625,1491.6353759765625,426.94830322265625,22570.349609375
2024-04-26,236.4434051513672,305.5674133300781,3931.64013671875,1090.032958984375,273.496826171875,772.5712280273438,1478.29052734375,432.3414306640625,22419.94921875
2024-04-29,232.93064880371094,305.3180847167969,3964.4990234375,1141.4403076171875,274.85382080078125,796.8677368164062,1493.0582275390625,443.32562255859375,22643.400390625
2024-04-30,231.29795837402344,297.7387390136719,3887.186767578125,1131.8475341796875,282.4808349609375,796.626708984375,1473.9239501953125,444.5625915527344,22604.849609375
2024-05-02,232.2874755859375,310.05517578125,3894.9326171875,1121.0740966796875,293.476806640625,800.2904663085938,1490.507080078125,453.0728454589844,22648.19921875
2024-05-03,231.64430236816406,304.37066650390625,3868.290283203125,1123.63232421875,290.9032897949219,801.6401977539062,1482.80419921875,450.00518798828125,22475.849609375
2024-05-06,229.4178924560547,299.783203125,3765.864990234375,1127.813720703125,287.15997314453125,778.838134765625,1500.4666748046875,441.6433410644531,22442.69921875
2024-05-07,225.0145721435547,294.24822998046875,3665.8076171875,1113.6458740234375,276.3043212890625,773.149658203125,1486.9254150390625,431.8466491699219,22302.5
2024-05-08,229.17051696777344,306.1658020019531,3805.433837890625,1104.8895263671875,282.6211853027344,781.7305297851562,1493.20556640625,430.5107116699219,22302.5
2024-05-09,223.8271484375,297.8384704589844,3795.714111328125,1097.7071533203125,277.14654541015625,790.4078979492188,1466.6136474609375,409.18560791015625,21957.5
2024-05-10,224.7177276611328,303.1739501953125,3821.616455078125,1099.035400390625,284.2588806152344,788.0457763671875,1478.29052734375,410.5215148925781,22055.19921875
2024-05-13,222.39236450195312,300.830322265625,3869.81982421875,1109.808837890625,286.8791809082031,779.8023071289062,1496.443603515625,407.4538269042969,22104.05078125
2024-05-14,228.52732849121094,310.05517578125,4020.744384765625,1102.47900390625,289.40594482421875,788.8652954101562,1516.2646484375,425.8597717285156,22217.849609375
2024-05-15,230.4073944091797,311.0524597167969,4126.96923828125,1106.2176513671875,294.6465759277344,790.8899536132812,1498.7493896484375,426.7998352050781,22200.55078125
2024-05-16,235.40440368652344,304.9191589355469,4542.73974609375,1112.8096923828125,292.4474182128906,782.8394165039062,1507.4825439453125,429.4222412109375,22403.849609375
2024-05-17,245.59637451171875,305.0189208984375,4471.693359375,1112.2684326171875,293.0556945800781,788.5277709960938,1502.674560546875,431.7477111816406,22466.099609375
2024-05-21,271.2741394042969,306.76416015625,4718.92529296875,1102.8724365234375,304.7535705566406,800.8689575195312,1512.045166015625,437.09136962890625,22529.05078125
2024-05-22,280.6250305175781,307.11322021484375,4856.03564453125,1093.1812744140625,304.8471374511719,802.6334838867188,1510.4261474609375,443.0287780761719,22597.80078125
2024-05-23,285.4736328125,314.6427001953125,4884.35546875,1116.2039794921875,299.3725891113281,815.7206420898438,1467.0552978515625,444.463623046875,22967.650390625
2024-05-24,294.0823974609375,318.58197021484375,5098.2353515625,1113.695068359375,298.3431396484375,812.28955078125,1458.812744140625,442.53399658203125,22957.099609375
2024-05-27,291.3612365722656,314.0942077636719,5074.2568359375,1111.579833984375,297.5477294921875,817.2891845703125,1438.55029296875,441.39593505859375,22932.44921875
2024-05-28,286.06732177734375,316.8865661621094,4953.2802734375,1108.775634765625,292.7281494140625,814.7894287109375,1437.421875,432.3414306640625,22888.150390625
2024-05-29,289.0853576660156,322.7206726074219,4984.85693359375,1084.2281494140625,297.3137512207031,806.4567260742188,1451.2081298828125,428.3337097167969,22704.69921875
2024-05-30,287.60107421875,310.0053405761719,4910.3564453125,1095.7393798828125,287.01959228515625,809.5936889648438,1431.7305908203125,420.9119567871094,22488.650390625
2024-05-31,292.84552001953125,308.40966796875,4907.98828125,1102.970947265625,290.1078186035156,814.005126953125,1432.41748046875,432.1929931640625,22530.69921875
2024-06-03,315.3073425292969,308.80859375,5203.818359375,1141.292724609375,315.98358154296875,887.8229370117188,1425.794189453125,451.7864074707031,23263.900390625
2024-06-04,252.86927795410156,290.1095275878906,4275.9697265625,1054.170654296875,276.9593505859375,759.9407348632812,1403.0291748046875,395.4306335449219,21884.5
2024-06-05,257.6189270019531,304.4205322265625,4307.1015625,1090.7708740234375,279.6264343261719,774.2042846679688,1459.401611328125,418.3885498046875,22620.349609375
2024-06-06,270.7793884277344,331.8458251953125,4604.806640625,1092.49267578125,281.170654296875,800.868896484375,1445.075439453125,427.0472412109375,22821.400390625
2024-06-07,280.2292785644531,335.0870056152344,4682.31689453125,1103.6103515625,289.4995422363281,813.613037109375,1478.5848388671875,438.92205810546875,23290.150390625
2024-06-10,280.4271240234375,338.97637939453125,4748.97265625,1105.676513671875,295.5356140136719,815.4265747070312,1484.7177734375,443.32562255859375,23259.19921875
2024-06-11,283.19775390625,343.5140380859375,4792.291015625,1100.1668701171875,296.2375183105469,819.102783203125,1471.6180419921875,443.7214660644531,23264.849609375
2024-06-12,287.45263671875,337.9790954589844,4824.26171875,1101.4951171875,303.8177795410156,822.5828857421875,1478.5848388671875,444.9584045410156,23322.94921875
2024-06-13,297.7435302734375,337.23114013671875,5032.17236328125,1089.49169921875,300.8231201171875,827.2884521484375,1482.4608154296875,447.1849365234375,23398.900390625
2024-06-14,306.352294921875,333.8902282714844,5131.68603515625,1087.8192138671875,300.869873046875,822.680908203125,1487.563232421875,443.9688415527344,23465.599609375
2024-06-18,314.9115295410156,327.457763671875,5460.17822265625,1104.7418212890625,310.5089416503906,828.2687377929688,1492.42041015625,446.9870300292969,23557.900390625
2024-06-19,306.055419921875,331.34716796875,5241.611328125,1125.993408203125,306.2976989746094,835.817138671875,1475.7884521484375,437.7345886230469,23516.0
2024-06-20,308.628173828125,341.8684997558594,5218.57080078125,1138.144287109375,303.72418212890625,827.141357421875,1443.4073486328125,439.02099609375,23567.0
2024-06-21,301.7510681152344,344.7606201171875,5102.08349609375,1139.9644775390625,305.0343322753906,819.8380126953125,1439.727783203125,434.1226501464844,23501.099609375
2024-06-24,306.500732421875,341.2701416015625,5254.53759765625,1151.229736328125,311.58514404296875,816.3088989257812,1466.466552734375,431.0550231933594,23537.849609375
2024-06-25,306.4512634277344,338.328125,5300.5205078125,1178.630615234375,306.39129638671875,825.6708984375,1476.9658203125,426.255615234375,23721.30078125
2024-06-26,303.63116455078125,351.1930847167969,5215.4619140625,1198.357421875,305.7362060546875,828.7098388671875,1492.61669921875,427.69049072265625,23868.80078125
2024-06-27,301.3057861328125,345.20941162109375,5211.564453125,1200.2266845703125,310.2749328613281,827.3864135742188,1487.80859375,434.8648681640625,24044.5
2024-06-28,302.69110107421875,350.1459655761719,5194.54345703125,1180.254150390625,309.7135314941406,832.239013671875,1492.3223876953125,436.0028381347656,24010.599609375
2024-07-01,304.4227294921875,356.6781311035156,5322.6240234375,1192.3065185546875,308.4501037597656,825.3768310546875,1491.5863037109375,430.8570861816406,24141.94921875
2024-07-02,302.8890075683594,355.7307434082031,5273.2861328125,1171.399169921875,309.5730895996094,809.8878173828125,1495.4622802734375,428.2347412109375,24123.849609375
2024-07-03,311.2008972167969,360.46783447265625,5387.009765625,1182.2218017578125,313.6439514160156,823.4161987304688,1505.1766357421875,429.3232727050781,24286.5
2024-07-04,314.02099609375,360.3182373046875,5442.0712890625,1213.115478515625,313.5035705566406,822.7789306640625,1528.67724609375,433.697509765625,24302.150390625
2024-07-05,320.65069580078125,369.7056884765625,5478.48291015625,1213.509033203125,317.62127685546875,842.826416015625,1538.9803466796875,437.3758850097656,24323.849609375
2024-07-08,331.09002685546875,366.1604309082031,5547.5068359375,1215.1324462890625,317.62127685546875,839.3953247070312,1527.2054443359375,430.9139099121094,24320.55078125
2024-07-09,331.2879333496094,362.5152893066406,5466.2470703125,1228.1195068359375,319.259033203125,844.3458862304688,1555.6614990234375,436.3817138671875,24433.19921875
2024-07-10,330.347900390625,357.2723083496094,5413.50439453125,1223.15087890625,323.84454345703125,832.2880249023438,1568.56494140625,434.79107666015625,24324.44921875
2024-07-11,331.9805908203125,354.0765686035156,5474.14111328125,1218.4775390625,320.8031005859375,839.8364868164062,1552.079833984375,437.8232116699219,24315.94921875
2024-07-12,329.60577392578125,350.2816467285156,5416.51416015625,1213.01708984375,321.0838623046875,842.7774047851562,1552.6214599609375,431.5103759765625,24502.150390625
2024-07-15,327.923583984375,358.6704406738281,5431.71044921875,1210.1146240234375,321.78570556640625,864.001220703125,1561.382080078125,436.7793884277344,24586.69921875
2024-07-16,322.7286682128906,352.9281005859375,5258.830078125,1219.9041748046875,320.4755554199219,863.364013671875,1554.590087890625,434.3437194824219,24613.0
2024-07-18,310.2608337402344,342.74176025390625,4949.33349609375,1230.1365966796875,319.35260009765625,875.9610595703125,1569.3062744140625,427.43438720703125,24800.849609375
2024-07-19,303.0869140625,334.75244140625,4736.68701171875,1228.5130615234375,310.88330078125,871.84375,1544.106689453125,411.726806640625,24530.900390625
2024-07-22,309.02398681640625,334.9022216796875,4931.07861328125,1221.1341552734375,316.8726501464844,859.540771484375,1562.5140380859375,421.5688781738281,24509.25
2024-07-23,298.28778076171875,336.5999450683594,4791.79736328125,1206.96630859375,312.8017272949219,846.8947143554688,1576.5411376953125,414.01336669921875,24479.05078125
2024-07-24,296.9519348144531,347.53533935546875,4785.28466796875,1203.2767333984375,315.5156555175781,835.2289428710938,1594.11181640625,417.4928894042969,24413.5
2024-07-25,298.28778076171875,361.3668518066406,4766.09228515625,1178.58154296875,317.6680908203125,831.7978515625,1639.7366943359375,420.87298583984375,24406.099609375
2024-07-26,306.649169921875,368.0079650878906,4840.44482421875,1187.7314453125,322.11328125,845.4732666015625,1687.4285888671875,442.09808349609375,24834.849609375
2024-07-29,317.9790344238281,361.3668518066406,4963.39453125,1193.142822265625,320.3819885253906,854.443115234375,1696.2877197265625,439.66241455078125,24836.099609375
2024-07-30,314.76312255859375,358.9700622558594,4888.0556640625,1189.9451904296875,327.35394287109375,855.6195068359375,1674.9764404296875,441.5015869140625,24857.30078125
2024-07-31,312.734619140625,361.8661804199219,4857.66357421875,1195.307373046875,325.8565673828125,855.2274169921875,1692.44873046875,450.9460144042969,24951.150390625
2024-08-01,307.88604736328125,354.27630615234375,4749.56396484375,1190.584716796875,337.9288330078125,845.6693725585938,1688.3636474609375,461.68280029296875,25010.900390625
2024-08-02,299.7720642089844,355.62451171875,4633.5703125,1177.2532958984375,335.26171875,831.16064453125,1704.556396484375,457.6565246582031,24717.69921875
2024-08-05,287.20526123046875,339.9454650878906,4530.306640625,1153.689453125,320.8031005859375,795.6732788085938,1693.43310546875,432.2559814453125,24055.599609375
2024-08-06,284.2367248535156,334.0533447265625,4454.52294921875,1148.0322265625,318.8846435546875,781.9978637695312,1680.8333740234375,434.1448974609375,23992.55078125
2024-08-07,297.0509033203125,346.3868713378906,4677.67919921875,1153.5418701171875,329.4595031738281,792.7322998046875,1707.3125,427.7823181152344,24297.5
2024-08-08,295.1213684082031,338.6971435546875,4606.04052734375,1145.8184814453125,320.6627197265625,792.1441040039062,1709.8719482421875,415.5046081542969,24117.0
2024-08-09,299.0299377441406,336.5000915527344,4661.34765625,1152.70556640625,323.7977600097656,808.07421875,1708.1494140625,415.3057556152344,24367.5
2024-08-12,298.23828125,337.3988952636719,4663.96240234375,1163.8199462890625,319.259033203125,796.6044921875,1706.721923828125,415.7033996582031,24347.0
2024-08-13,293.0433654785156,336.64990234375,4639.0966796875,1159.4039306640625,315.3284912109375,781.8507690429688,1712.8741455078125,405.861328125,24139.0
2024-08-14,291.4062805175781,327.2124938964844,4599.97216796875,1152.7552490234375,312.099853515625,787.1934814453125,1714.39990234375,403.0777282714844,24143.75
2024-08-16,300.9312744140625,340.4947509765625,4706.64013671875,1178.1591796875,319.5072326660156,796.1143188476562,1715.4827880859375,411.229736328125,24541.150390625
2024-08-19,299.7902526855469,344.339599609375,4728.79296875,1166.8961181640625,321.1113586425781,797.682861328125,1720.4537353515625,416.349609375,24572.650390625
2024-08-20,300.782470703125,346.2869873046875,4673.3369140625,1170.4189453125,321.30010986328125,804.1529541015625,1738.71337890625,419.8291320800781,24698.849609375
2024-08-21,303.014892578125,354.5259704589844,4681.3515625,1165.8541259765625,317.66717529296875,799.4964599609375,1737.0400390625,422.0162658691406,24770.19921875
2024-08-22,302.1219177246094,356.02398681640625,4717.9130859375,1181.979736328125,315.1666564941406,804.1529541015625,1723.259033203125,420.475341796875,24811.5
2024-08-23,303.6101989746094,351.1305236816406,4771.98779296875,1194.2847900390625,317.2897033691406,799.3003540039062,1747.9664306640625,415.5046081542969,24823.150390625
2024-08-26,304.30474853515625,352.7783203125,4751.4560546875,1204.009765625,319.1769714355469,799.0062866210938,1744.718017578125,420.0279541015625,25010.599609375
2024-08-27,298.5500183105469,352.27899169921875,4671.75439453125,1216.9598388671875,316.44049072265625,799.839599609375,1761.40283203125,425.6448974609375,25017.75
2024-08-28,297.6074523925781,356.2237243652344,4635.83642578125,1214.47900390625,315.59124755859375,793.467529296875,1783.50146484375,428.8758850097656,25052.349609375
2024-08-29,293.88677978515625,354.97540283203125,4553.51220703125,1212.5439453125,314.50604248046875,798.4671020507812,1771.0494384765625,428.3788146972656,25151.94921875
2024-08-30,296.9625244140625,358.6205139160156,4630.69091796875,1219.7879638671875,318.3748779296875,799.5454711914062,1793.148193359375,432.10687255859375,25235.900390625
2024-09-02,294.581298828125,362.9147644042969,4638.65625,1220.5322265625,316.6291809082031,805.966552734375,1787.5374755859375,430.6653747558594,25278.69921875
2024-09-03,294.829345703125,361.416748046875,4781.48681640625,1238.1463623046875,315.77996826171875,808.5643920898438,1783.1571044921875,431.4109802246094,25279.849609375
2024-09-04,296.6152648925781,378.8934020996094,4810.67626953125,1226.88330078125,314.128662109375,800.427734375,1804.1729736328125,418.43731689453125,25198.69921875
2024-09-05,288.3304748535156,382.33880615234375,4742.0068359375,1226.486328125,312.5716552734375,802.6334838867188,1797.92236328125,418.43731689453125,25145.099609375
2024-09-06,281.3851623535156,373.2010192871094,4653.94384765625,1198.899169921875,311.2034606933594,767.0970458984375,1796.0029296875,414.5601501464844,24852.150390625
2024-09-09,279.3511657714844,377.0958251953125,4607.833984375,1225.5435791015625,310.0238952636719,768.8125610351562,1793.3450927734375,415.4051818847656,24936.400390625
2024-09-10,283.5183410644531,386.08380126953125,4636.08349609375,1227.8260498046875,315.30816650390625,767.2440795898438,1807.6182861328125,442.7442626953125,25041.099609375
2024-09-11,285.8003845214844,384.7855224609375,4550.345703125,1226.88330078125,314.4117126464844,753.4706420898438,1816.8218994140625,433.10101318359375,24918.44921875
2024-09-12,289.4219055175781,376.0971374511719,4592.84326171875,1242.5623779296875,319.12982177734375,772.24365234375,1836.2137451171875,437.3261413574219,25388.900390625
2024-09-13,287.6855773925781,378.4440002441406,4596.0595703125,1240.7760009765625,318.23333740234375,775.2826538085938,1824.7459716796875,439.21502685546875,25356.5
2024-09-16,288.1320495605469,390.6776428222656,4548.96044921875,1253.1802978515625,319.1769714355469,770.0869750976562,1833.802001953125,440.7559814453125,25383.75
2024-09-17,282.0796813964844,375.34814453125,4411.57177734375,1258.39013671875,317.9030456542969,767.4891967773438,1836.9027099609375,442.4957275390625,25418.55078125
2024-09-18,280.6410217285156,363.1644287109375,4390.94091796875,1278.485107421875,315.44964599609375,777.145263671875,1807.273681640625,438.0220642089844,25377.55078125
2024-09-19,270.5702819824219,361.0173034667969,4187.25732421875,1282.107177734375,316.015869140625,774.400390625,1817.1666259765625,437.0279235839844,25415.80078125
2024-09-20,275.1839599609375,364.8621826171875,4287.73876953125,1328.201416015625,321.6303405761719,766.3128051757812,1836.558349609375,441.5513000488281,25790.94921875
2024-09-23,284.06402587890625,369.8554992675781,4391.23828125,1311.7781982421875,321.9134521484375,786.0661010742188,1833.5560302734375,451.7910461425781,25939.05078125
2024-09-24,289.5210876464844,375.34814453125,4356.11181640625,1308.50341796875,330.31158447265625,782.5369873046875,1838.8714599609375,466.0073547363281,25940.400390625
2024-09-25,287.5863342285156,370.95404052734375,4343.05078125,1313.7132568359375,343.23907470703125,777.4883422851562,1841.2830810546875,465.3611755371094,26004.150390625
2024-09-26,288.23126220703125,372.3521423339844,4323.310546875,1318.87353515625,344.8432312011719,786.0661010742188,1868.697509765625,473.2646484375,26216.05078125
2024-09-27,291.1582336425781,368.35748291015625,4427.056640625,1296.5953369140625,334.2747497558594,786.8504028320312,1918.2103271484375,482.65936279296875,26178.94921875
2024-09-30,282.8734436035156,362.61517333984375,4374.1201171875,1263.252685546875,332.9537048339844,772.3907470703125,1896.5545654296875,479.7763366699219,25810.849609375
2024-10-01,281.7324523925781,370.15509033203125,4379.51318359375,1264.6419677734375,331.0193176269531,781.2625732421875,1889.91015625,478.4342346191406,25796.900390625
2024-10-03,276.5234375,356.07391357421875,4222.53271484375,1246.7301025390625,324.7442626953125,778.4686889648438,1880.95263671875,469.03948974609375,25250.099609375
2024-10-04,275.03515625,345.8875427246094,4211.84619140625,1230.2572021484375,319.7431335449219,780.968505859375,1880.1651611328125,463.9196472167969,25014.599609375
2024-10-07,265.2620849609375,339.5460205078125,4122.05126953125,1224.4520263671875,310.4013671875,755.4802856445312,1875.440185546875,438.71795654296875,24795.75
2024-10-08,278.0613098144531,342.242431640625,4322.32080078125,1227.13134765625,308.702880859375,766.0676879882812,1887.1539306640625,454.2266845703125,25013.150390625
2024-10-09,280.19451904296875,346.5865783691406,4340.37841796875,1234.62353515625,311.15625,781.7037353515625,1900.6396484375,458.1535949707031,24981.94921875
2024-10-10,284.65936279296875,345.3382568359375,4435.07177734375,1233.978515625,315.4968566894531,781.4096069335938,1858.2139892578125,462.92547607421875,24998.44921875
2024-10-11,283.66717529296875,345.68780517578125,4399.3515625,1213.635498046875,311.4393615722656,784.0074462890625,1872.1917724609375,458.4518127441406,24964.25
2024-10-14,283.46875,346.0373229980469,4460.10546875,1222.3184814453125,312.05267333984375,789.3012084960938,1879.869873046875,459.5950927734375,25127.94921875
2024-10-15,286.5941467285156,351.729736328125,4527.2412109375,1245.8865966796875,311.2506103515625,788.81103515625,1868.74658203125,460.7880859375,25057.349609375
2024-10-16,283.46875,346.1871337890625,4607.240234375,1233.6312255859375,308.75006103515625,789.5952758789062,1868.7957763671875,457.75592041015625,24971.30078125
2024-10-17,282.32769775390625,338.5972595214844,4471.03955078125,1221.8223876953125,312.477294921875,795.0850219726562,1859.9859619140625,447.56591796875,24749.849609375
2024-10-18,284.90740966796875,339.49609375,4477.0751953125,1254.8177490234375,313.3265380859375,804.2510375976562,1880.46044921875,450.8962707519531,24854.05078125
2024-10-21,280.0953063964844,336.949462890625,4466.93310546875,1249.4095458984375,312.477294921875,797.927978515625,1867.3192138671875,451.1448059082031,24781.099609375
2024-10-22,269.5284729003906,325.3649597167969,4256.42236328125,1257.7947998046875,304.55096435546875,774.841552734375,1858.0172119140625,433.29986572265625,24472.099609375
2024-10-23,266.5519104003906,324.7657775878906,4189.1875,1242.0164794921875,299.03082275390625,770.5281372070312,1810.5712890625,435.1390380859375,24435.5
2024-10-24,269.2308044433594,322.21917724609375,4152.97265625,1243.15771484375,301.1539611816406,778.9097900390625,1819.971923828125,435.4372863769531,24399.400390625
2024-10-25,270.2229919433594,311.5834045410156,4121.75439453125,1245.8370361328125,297.99285888671875,765.5775756835938,1831.2919921875,419.63031005859375,24180.80078125
2024-10-28,267.9409484863281,323.3177185058594,4105.08203125,1282.95068359375,300.35186767578125,776.4590454101562,1873.1270751953125,423.2092590332031,24339.150390625
2024-10-29,281.43475341796875,326.5633544921875,4229.50830078125,1321.6519775390625,302.4750061035156,816.3088989257812,1842.316650390625,422.9109802246094,24466.849609375
2024-10-30,286.2964782714844,320.27178955078125,4191.7099609375,1302.1029052734375,300.493408203125,806.2606201171875,1823.121826171875,424.50164794921875,24340.849609375
2024-10-31,282.67498779296875,315.67791748046875,4202.00146484375,1282.355224609375,302.7109069824219,804.054931640625,1819.971923828125,437.47528076171875,24205.349609375
2024-11-01,286.39569091796875,317.3756408691406,4242.8662109375,1281.90869140625,303.8904113769531,805.0352783203125,1829.3233642578125,442.84368896484375,24304.349609375
2024-11-04,281.9308776855469,310.48486328125,4163.95556640625,1267.42041015625,297.66259765625,813.5149536132812,1780.5977783203125,426.5396423339844,23995.349609375
2024-11-05,284.1136779785156,315.2784729003906,4217.0908203125,1286.7711181640625,298.74774169921875,832.4840698242188,1775.380615234375,431.5600891113281,24213.30078125
2024-11-06,299.49261474609375,322.4189147949219,4343.94140625,1292.3779296875,300.5406188964844,837.9738159179688,1798.8572998046875,446.671142578125,24484.05078125
2024-11-07,298.00433349609375,327.5620422363281,4387.1318359375,1268.908935546875,295.3035888671875,842.6793212890625,1762.928466796875,442.2969055175781,24199.349609375
2024-11-08,295.4246520996094,320.8709716796875,4354.28125,1249.2109375,298.41748046875,826.55322265625,1781.28662109375,430.2179870605469,24148.19921875
2024-11-11,297.40899658203125,348.2344055175781,4396.927734375,1259.5810546875,311.2034606933594,830.964599609375,1766.521484375,428.9753112792969,24141.30078125
2024-11-12,287.8840026855469,347.0360107421875,4198.8349609375,1260.8709716796875,304.5038146972656,810.427001953125,1772.673583984375,411.726806640625,23883.44921875
2024-11-13,279.3511657714844,331.1072692871094,4024.093505859375,1244.100341796875,300.0688171386719,792.7322998046875,1751.16552734375,397.013427734375,23559.05078125
2024-11-14,278.755859375,335.3515930175781,4044.031494140625,1247.325439453125,298.7287902832031,788.4188842773438,1740.534423828125,402.28240966796875,23532.69921875
2024-11-18,275.87847900390625,324.91558837890625,4034.928466796875,1243.852294921875,298.680908203125,798.2710571289062,1720.404541015625,402.3321228027344,23453.80078125
2024-11-19,276.8210754394531,326.61328125,4014.446044921875,1239.53564453125,301.5523681640625,787.1934814453125,1749.44287109375,405.71221923828125,23518.5
2024-11-21,273.2987976074219,322.6685791015625,3941.52197265625,1240.974609375,311.9375305175781,765.3814697265625,1752.14990234375,405.6625061035156,23349.900390625
2024-11-22,278.6566467285156,331.057373046875,4068.075439453125,1268.2640380859375,322.5141296386719,799.9866333007812,1767.2105712890625,411.32916259765625,23907.25
2024-11-25,290.06683349609375,335.90087890625,4244.79638671875,1290.9886474609375,328.0656433105469,827.8275756835938,1770.7542724609375,409.9373474121094,24221.900390625
2024-11-26,295.573486328125,352.1791076660156,4318.6103515625,1294.9580078125,324.28485107421875,822.8770141601562,1734.0377197265625,407.8993225097656,24194.5
2024-11-27,304.9496765136719,358.1711120605469,4427.5517578125,1290.740478515625,324.7156066894531,817.6812744140625,1722.0777587890625,415.2063293457031,24274.900390625
2024-11-28,303.3621520996094,363.46405029296875,4419.83349609375,1276.5003662109375,319.35552978515625,822.3377685546875,1707.1156005859375,412.07476806640625,23914.150390625
2024-11-29,305.5946044921875,364.66241455078125,4429.72900390625,1290.1451416015625,315.2875671386719,822.4358520507812,1753.035888671875,411.726806640625,24131.099609375
2024-12-02,304.503173828125,374.84881591796875,4457.3349609375,1294.6602783203125,313.80401611328125,819.93603515625,1780.2532958984375,414.0630798339844,24276.05078125
2024-12-03,309.66259765625,373.350830078125,4471.28662109375,1298.381591796875,315.52685546875,837.1405639648438,1771.88623046875,426.04254150390625,24457.150390625
2024-12-04,310.40673828125,379.1930236816406,4473.76025390625,1305.9730224609375,311.1239318847656,842.7774047851562,1772.0338134765625,423.1595153808594,24467.44921875
2024-12-05,312.0438232421875,374.7489318847656,4520.76025390625,1326.2664794921875,314.2826232910156,848.4142456054688,1785.076416015625,428.3291015625,24708.400390625
2024-12-06,311.2996826171875,379.5425109863281,4511.65673828125,1318.5758056640625,314.80902099609375,846.649658203125,1776.611083984375,437.1273498535156,24677.80078125
2024-12-09,312.1430358886719,369.10650634765625,4570.3330078125,1312.1751708984375,315.00042724609375,841.1598510742188,1778.3829345703125,438.1711730957031,24619.0
2024-12-10,312.3910827636719,368.70703125,4578.9912109375,1320.2626953125,313.85186767578125,850.423828125,1781.6312255859375,432.6536560058594,24610.05078125
2024-12-11,311.6469421386719,367.35882568359375,4600.75927734375,1317.3353271484375,313.516845703125,844.6399536132812,1785.6177978515625,432.2559814453125,24641.80078125
2024-12-12,310.5059509277344,356.2237243652344,4611.4951171875,1319.0718994140625,315.09619140625,836.8955078125,1777.2015380859375,431.0133056640625,24548.69921875
2024-12-13,313.1848449707031,352.32891845703125,4620.4990234375,1334.6021728515625,319.54693603515625,844.5909423828125,1785.076416015625,425.94317626953125,24768.30078125
2024-12-16,313.7305603027344,353.22772216796875,4627.12890625,1335.7928466796875,320.6476745605469,844.0028076171875,1781.4837646484375,423.0104064941406,24668.25
2024-12-17,308.17431640625,350.4814147949219,4573.94482421875,1323.5374755859375,315.6704406738281,833.8074951171875,1761.058349609375,418.43731689453125,24336.0
2024-12-18,301.4273681640625,347.5852355957031,4435.66552734375,1304.087646484375,307.77392578125,821.651611328125,1772.87060546875,412.57183837890625,24198.849609375
2024-12-19,296.1687927246094,349.8822021484375,4338.9443359375,1277.0462646484375,307.86962890625,816.4068603515625,1794.7724609375,410.1858825683594,23951.69921875
2024-12-20,288.5785217285156,335.5014343261719,4146.095703125,1278.5347900390625,302.2702331542969,796.016357421875,1780.5484619140625,398.753173828125,23587.5
2024-12-23,292.05120849609375,329.1099548339844,4181.5185546875,1286.8704833984375,301.7916564941406,804.9862670898438,1786.20849609375,397.5601806640625,23753.44921875
2024-12-24,290.1660461425781,344.0400085449219,4171.822265625,1287.3170166015625,296.8144836425781,796.0653686523438,1790.5396728515625,397.0631103515625,23727.650390625
2024-12-26,292.89459228515625,345.9873962402344,4184.68505859375,1287.4161376953125,297.005859375,796.45751953125,1812.5399169921875,401.9344482421875,23750.19921875
2024-12-27,289.7691345214844,352.0792541503906,4188.7919921875,1297.5382080078125,296.1444396972656,783.9094848632812,1832.128662109375,396.66546630859375,23813.400390625
2024-12-30,282.67498779296875,367.20904541015625,4038.0947265625,1284.7369384765625,294.37371826171875,772.7828369140625,1854.42431640625,387.4695739746094,23644.900390625
2024-12-31,290.8605651855469,364.8621826171875,4134.37060546875,1271.83642578125,295.4744567871094,779.3019409179688,1856.8359375,390.10406494140625,23644.80078125
2025-01-01,291.6047058105469,368.30755615234375,4126.306640625,1273.8211669921875,297.10162353515625,777.58642578125,1860.3795166015625,390.05438232421875,23742.900390625
2025-01-02,294.4820556640625,372.7516174316406,4191.2158203125,1280.7178955078125,301.6481018066406,785.428955078125,1848.61669921875,393.1859436035156,24188.650390625
2025-01-03,289.6699523925781,368.7569580078125,4161.7294921875,1255.363525390625,302.509521484375,777.782470703125,1820.710205078125,394.3291931152344,24004.75
2025-01-06,279.94647216796875,357.6218566894531,4058.57666015625,1254.4207763671875,292.8901062011719,761.1171264648438,1818.495361328125,376.43450927734375,23616.05078125
2025-01-07,284.7585754394531,381.8394775390625,4119.578125,1269.454833984375,291.9808044433594,763.4208374023438,1824.401611328125,376.533935546875,23707.900390625
2025-01-08,279.8968811035156,370.7043762207031,4066.541748046875,1254.073486328125,293.51226806640625,755.970458984375,1808.996337890625,371.8614196777344,23688.94921875
2025-01-09,279.0534973144531,370.20501708984375,4054.222900390625,1252.73388671875,292.1722412109375,745.4810791015625,1797.774658203125,365.0018005371094,23526.5
2025-01-10,268.883544921875,360.4680480957031,3958.392333984375,1240.2799072265625,286.8600158691406,728.61962890625,1756.8748779296875,354.2650146484375,23431.5
2025-01-13,257.57257080078125,364.7123718261719,3748.37646484375,1220.3338623046875,275.2784118652344,715.1403198242188,1719.5677490234375,337.9609680175781,23085.94921875
2025-01-14,267.7921142578125,387.13238525390625,3788.054443359375,1230.8031005859375,277.8149108886719,733.4232177734375,1743.14306640625,354.86151123046875,23176.05078125
2025-01-15,265.7581787109375,381.53985595703125,3782.562744140625,1228.7686767578125,285.8550109863281,738.8639526367188,1729.362060546875,363.311767578125,23213.19921875
2025-01-16,273.9933166503906,392.6250305175781,3877.5029296875,1239.53564453125,284.8978271484375,751.2158813476562,1735.7113037109375,366.7415771484375,23311.80078125
2025-01-17,279.94647216796875,393.17431640625,4073.270263671875,1216.066650390625,289.63580322265625,749.0592041015625,1758.5975341796875,371.4140930175781,23203.19921875
2025-01-20,283.56793212890625,401.0138244628906,4143.42431640625,1223.50927734375,293.12939453125,763.9110107421875,1750.42724609375,372.2591247558594,23344.75
2025-01-21,276.8210754394531,390.02850341796875,4008.162841796875,1186.9910888671875,289.396484375,744.1085815429688,1735.1204833984375,363.7591247558594,23024.650390625
2025-01-22,268.2386169433594,387.5318298339844,3862.364013671875,1191.258056640625,284.8021240234375,738.6188354492188,1770.8033447265625,356.7503967285156,23155.349609375
2025-01-23,271.8105163574219,396.7695007324219,3881.262939453125,1192.5482177734375,281.7392578125,731.2174682617188,1804.9112548828125,360.6275634765625,23205.349609375
2025-01-24,268.0401611328125,387.7315979003906,3809.278564453125,1199.941162109375,283.17498779296875,729.501953125,1793.6895751953125,361.27374267578125,23092.19921875
2025-01-27,260.89642333984375,369.755615234375,3632.014404296875,1218.547607421875,274.7041320800781,734.4525146484375,1758.8927001953125,349.8410339355469,22829.150390625
2025-01-28,256.2331237792969,359.41943359375,3561.266845703125,1237.3525390625,271.7848205566406,737.5895385742188,1678.8155517578125,344.3235168457031,22957.25
2025-01-29,265.1132507324219,355.2250671386719,3661.550048828125,1242.066162109375,275.5177001953125,743.5204467773438,1708.1983642578125,348.8966064453125,23163.099609375
2025-01-30,276.5730285644531,356.5233154296875,3739.372314453125,1245.98583984375,282.6964111328125,747.5887451171875,1711.8897705078125,350.0895690917969,23249.5
2025-01-31,290.3644714355469,362.0658874511719,3895.363037109375,1243.2073974609375,288.7264709472656,757.68603515625,1716.6639404296875,362.3673095703125,23508.400390625
2025-02-01,279.5992126464844,369.9553527832031,3735.21630859375,1245.936279296875,277.4320373535156,750.9218139648438,1714.941162109375,366.2445068359375,23482.150390625
2025-02-03,272.0089416503906,363.96337890625,3491.409912109375,1243.40576171875,271.6412048339844,745.9712524414062,1713.366455078125,352.823486328125,23361.05078125
2025-02-04,282.2781066894531,370.5545349121094,3690.4921875,1258.4893798828125,273.4119567871094,763.8619995117188,1737.630615234375,359.931640625,23739.25
2025-02-05,286.6933898925781,389.7289123535156,3777.120849609375,1257.9931640625,272.98126220703125,750.9708251953125,1725.326171875,364.057373046875,23696.30078125
2025-02-06,277.5652160644531,396.41998291015625,3732.198486328125,1262.6572265625,269.104736328125,737.4424438476562,1725.07861328125,363.21234130859375,23603.349609375
2025-02-07,274.88629150390625,386.28350830078125,3778.654541015625,1247.2760009765625,269.3468322753906,722.688720703125,1732.802978515625,364.9521179199219,23559.94921875
2025-02-10,271.3144226074219,376.6463928222656,3746.793212890625,1252.9322509765625,260.1959228515625,722.2965698242188,1715.2747802734375,356.10418701171875,23381.599609375
2025-02-11,262.9800109863281,361.5166320800781,3611.037353515625,1243.15771484375,253.17539978027344,716.7088012695312,1683.239013671875,347.05743408203125,23071.80078125
2025-02-12,257.1260986328125,355.4747314453125,3556.3193359375,1242.2149658203125,248.9146270751953,718.7184448242188,1677.3963623046875,346.06329345703125,23045.25
2025-02-13,259.5073547363281,358.8202209472656,3621.773193359375,1239.337158203125,250.94818115234375,713.3267211914062,1729.3863525390625,345.81475830078125,23031.400390625
2025-02-14,248.39483642578125,348.883544921875,3476.71630859375,1250.451416015625,249.20516967773438,707.9349975585938,1683.981689453125,335.1773376464844,22929.25
2025-02-17,246.5592803955078,347.0859069824219,3439.1162109375,1241.5699462890625,254.8699951171875,713.375732421875,1697.548583984375,335.22705078125,22959.5
2025-02-18,242.68972778320312,337.7484130859375,3333.37255859375,1233.531982421875,258.5013122558594,711.5131225585938,1685.071044921875,337.6130065917969,22945.30078125
2025-02-19,251.42098999023438,336.35028076171875,3352.4580078125,1251.9896240234375,254.72471618652344,712.9835815429688,1660.3138427734375,345.61590576171875,22932.900390625
2025-02-20,258.2174987792969,335.5513610839844,3397.107666015625,1240.379150390625,257.3393249511719,715.3363647460938,1653.0848388671875,355.85565185546875,22913.150390625
2025-02-21,254.0999298095703,322.0693664550781,3357.192138671875,1223.50927734375,253.6111602783203,707.7879028320312,1627.7830810546875,355.11004638671875,22795.900390625
2025-02-24,254.3479766845703,320.4216003417969,3339.15283203125,1209.0211181640625,250.94818115234375,702.2981567382812,1623.57421875,352.5252380371094,22553.349609375
2025-02-25,254.64561462402344,320.7711181640625,3276.3642578125,1214.7767333984375,247.65579223632812,696.9064331054688,1597.9259033203125,349.4433898925781,22547.55078125
2025-02-27,250.47840881347656,311.43359375,3231.7646484375,1213.0897216796875,248.13995361328125,690.0442504882812,1631.49658203125,341.2913513183594,22545.05078125
2025-02-28,244.32684326171875,302.0461730957031,3077.8330078125,1194.8802490234375,242.91087341308594,675.241455078125,1577.7735595703125,337.2153625488281,22124.69921875
2025-03-03,255.37985229492188,304.6426696777344,3176.351318359375,1196.964111328125,244.50863647460938,681.6134643554688,1569.7027587890625,340.843994140625,22119.30078125
2025-03-04,262.6426696777344,314.379638671875,3300.03466796875,1201.1319580078125,245.96116638183594,701.9550170898438,1551.283447265625,343.9258728027344,22082.650390625
2025-03-05,272.7729797363281,324.416259765625,3413.004150390625,1206.391357421875,256.0320129394531,715.9735107421875,1567.0784912109375,349.3439636230469,22337.30078125
2025-03-06,270.8183288574219,332.55535888671875,3406.22705078125,1208.7235107421875,258.2108154296875,717.6400756835938,1598.322021484375,351.97845458984375,22544.69921875
2025-03-07,274.8267822265625,333.2544250488281,3440.461669921875,1205.250244140625,254.96681213378906,718.3262939453125,1593.667724609375,349.3936767578125,22552.5
2025-03-10,270.2031555175781,327.7118225097656,3406.42626953125,1205.5478515625,262.7136535644531,714.5521240234375,1595.8463134765625,350.3878479003906,22460.30078125
2025-03-11,276.5384521484375,328.4608154296875,3448.235595703125,1235.864013671875,258.8402404785156,715.4833984375,1639.2208251953125,350.3878479003906,22497.900390625
2025-03-12,276.18927001953125,324.6659240722656,3403.9345703125,1234.425048828125,258.6465759277344,708.8172607421875,1660.5615234375,354.16558837890625,22470.5
2025-03-13,279.4217834472656,322.6186218261719,3384.749267578125,1240.4783935546875,259.1791687011719,713.5227661132812,1667.097412109375,348.6977844238281,22397.19921875
2025-03-17,279.2821044921875,332.8050231933594,3428.352294921875,1259.2833251953125,258.888671875,708.915283203125,1687.744873046875,348.6977844238281,22508.75
2025-03-18,279.2821044921875,332.8050231933594,3428.352294921875,1259.2833251953125,258.888671875,708.915283203125,1687.744873046875,348.6977844238281,22834.30078125
2025-03-19,289.32879638671875,341.4434814453125,3728.0927734375,1303.0455322265625,268.4269104003906,730.4331665039062,1715.5223388671875,369.27667236328125,22907.599609375
2025-03-20,296.3624572753906,340.6445617675781,3806.1298828125,1311.5797119140625,271.47723388671875,734.7955932617188,1733.24853515625,368.18310546875,23190.650390625
2025-03-21,295.0555114746094,343.6405334472656,3878.187255859375,1332.81591796875,274.1401672363281,738.373779296875,1767.165771484375,377.2795715332031,23350.400390625
2025-03-24,301.4007873535156,348.8335876464844,4115.9365234375,1347.750732421875,282.61328125,765.4304809570312,1767.462890625,381.05731201171875,23658.349609375
2025-03-25,299.3355712890625,347.68511962890625,3998.98046875,1333.4112548828125,281.7901611328125,757.636962890625,1747.6075439453125,374.89361572265625,23668.650390625
2025-03-26,298.8467102050781,347.8349304199219,4114.44140625,1325.6710205078125,281.6449279785156,748.961181640625,1741.8638916015625,373.800048828125,23486.849609375
2025-03-27,299.9541320800781,345.0885925292969,4146.98193359375,1326.415283203125,286.1477355957031,757.0977783203125,1714.631103515625,381.15673828125,23591.94921875
2025-03-28,300.6225891113281,341.2437438964844,4163.4267578125,1338.025634765625,281.1607360839844,756.3135375976562,1717.8494873046875,373.20355224609375,23519.349609375
2025-04-01,291.32415771484375,338.647216796875,4209.521484375,1308.3546142578125,280.1439514160156,756.5096435546875,1681.8526611328125,372.5573425292969,23165.69921875
2025-04-02,281.7463684082031,341.59326171875,4220.185546875,1321.056640625,277.6746520996094,760.6759643554688,1697.0040283203125,376.036865234375,23332.349609375
2025-04-03,286.8345642089844,345.288330078125,4304.70068359375,1319.3697509765625,289.6338195800781,763.8619995117188,1752.806640625,383.3935546875,23250.099609375
2025-04-04,279.3519287109375,327.3622741699219,4224.86962890625,1325.07568359375,284.5983581542969,752.34326171875,1692.7457275390625,366.7912902832031,22904.44921875
2025-04-07,271.47021484375,307.08941650390625,3994.74462890625,1277.6912841796875,280.24078369140625,732.1978149414062,1650.1634521484375,352.7738037109375,22161.599609375
2025-04-08,280.798583984375,321.86962890625,4028.38134765625,1289.9466552734375,279.8050842285156,753.4706420898438,1671.9498291015625,357.5954284667969,22535.849609375
2025-04-09,279.5015869140625,305.8909912109375,4017.169189453125,1290.83984375,284.11419677734375,727.59033203125,1636.15087890625,356.1539001464844,22399.150390625
2025-04-11,284.3403625488281,316.1273193359375,4093.41259765625,1301.606689453125,294.4755859375,739.0109252929688,1671.1575927734375,362.317626953125,22828.55078125
2025-04-15,293.0202331542969,328.4109191894531,4191.98046875,1339.8614501953125,294.91131591796875,748.4710083007812,1688.43798828125,376.285400390625,23328.55078125
2025-04-16,292.92047119140625,328.7104797363281,4195.0703125,1346.0140380859375,296.0733337402344,756.5586547851562,1676.6536865234375,379.0193176269531,23437.19921875
2025-04-17,294.46685791015625,330.85760498046875,4206.232421875,1395.9288330078125,299.220458984375,781.7527465820312,1734.486328125,379.4667053222656,23851.650390625
2025-04-21,299.2557678222656,331.4568176269531,4294.634765625,1399.0052490234375,309.8723449707031,800.6238403320312,1727.9505615234375,388.5631408691406,24125.55078125
2025-04-22,302.64788818359375,333.3542785644531,4271.6123046875,1405.6539306640625,302.6581115722656,806.211669921875,1730.42626953125,386.3263244628906,24167.25
2025-04-23,305.1421203613281,335.25177001953125,4292.54150390625,1413.493408203125,304.982177734375,797.4378051757812,1771.424072265625,392.14208984375,24328.94921875
2025-04-24,304.9924621582031,326.3136901855469,4285.5654296875,1391.95947265625,304.4495544433594,797.3887939453125,1786.37744140625,393.5339050292969,24246.69921875
2025-04-25,296.91119384765625,311.43359375,4182.31298828125,1394.04345703125,296.7995910644531,782.9291381835938,1770.0377197265625,385.3321838378906,24039.349609375
2025-04-28,304.34393310546875,320.4216003417969,4411.44091796875,1417.8597412109375,298.78472900390625,801.260986328125,1823.7110595703125,392.7882995605469,24328.5
2025-04-29,316.3660888671875,318.42425537109375,4593.82666015625,1418.85205078125,293.36199951171875,796.5554809570312,1787.9617919921875,391.04852294921875,24335.94921875
2025-04-30,313.3730163574219,321.37030029296875,4472.83447265625,1416.073486328125,297.7195739746094,773.1259765625,1814.5015869140625,382.15087890625,24334.19921875
2025-05-02,310.4298400878906,317.7251892089844,4469.24609375,1419.149658203125,293.45880126953125,781.0175170898438,1806.876220703125,379.0690002441406,24346.69921875
2025-05-05,314.5702209472656,335.45147705078125,4575.388671875,1418.455078125,298.44580078125,774.4494018554688,1818.759765625,386.8233947753906,24461.150390625
2025-05-06,309.7813415527344,340.99407958984375,4492.36865234375,1420.63818359375,297.86480712890625,758.8623657226562,1801.4296875,372.7064514160156,24379.599609375
2025-05-07,309.2326354980469,346.0373229980469,4455.29345703125,1424.4091796875,301.2539978027344,760.822998046875,1763.996826171875,375.14215087890625,24414.400390625
2025-05-08,306.4390869140625,334.1532287597656,4408.052734375,1424.5084228515625,298.4942321777344,753.8627319335938,1750.0338134765625,367.9842529296875,24273.80078125
2025-05-09,315.11895751953125,329.4595031738281,4486.08984375,1378.2652587890625,289.8274841308594,763.9110107421875,1727.8514404296875,368.82928466796875,24008.0
2025-05-12,322.0528564453125,327.7118225097656,4424.79638671875,1437.4088134765625,299.2688903808594,785.8701171875,1669.820556640625,389.10992431640625,24924.69921875
2025-05-13,334.972900390625,329.4095764160156,4594.3251953125,1419.6458740234375,289.00439453125,785.9680786132812,1683.4866943359375,387.022216796875,24578.349609375
2025-05-14,343.5530090332031,337.7484130859375,4751.994140625,1415.279541015625,286.58349609375,784.9387817382812,1691.60693359375,394.6274719238281,24666.900390625
2025-05-15,349.5889892578125,338.14788818359375,4848.46923828125,1439.6912841796875,290.1663818359375,791.8499755859375,1723.1971435546875,395.6216125488281,25062.099609375
2025-05-16,363.0577392578125,338.9468078613281,5110.48681640625,1442.86669921875,290.6990051269531,792.0999755859375,1718.0477294921875,403.4256591796875,25019.80078125
2025-05-19,362.9081115722656,341.1438903808594,4999.46044921875,1437.905029296875,294.4271545410156,795.0,1713.3931884765625,405.71221923828125,24945.44921875
2025-05-20,362.9579772949219,332.0560302734375,4835.01416015625,1427.1876220703125,288.4717712402344,785.6500244140625,1691.2108154296875,396.6157531738281,24683.900390625
2025-05-21,382.1135559082031,340.19512939453125,4984.3115234375,1433.637939453125,286.77716064453125,787.0999755859375,1714.977783203125,399.498779296875,24813.44921875
2025-05-22,382.5126037597656,332.6552429199219,5023.0810546875,1431.057861328125,281.6933288574219,785.25,1702.0048828125,393.2853698730469,24609.69921875
2025-05-23,382.91168212890625,330.308349609375,4944.9443359375,1438.698974609375,288.66546630859375,790.5,1667.2459716796875,399.6976013183594,24853.150390625
2025-05-26,383.6599426269531,331.9062194824219,4986.40478515625,1449.4161376953125,287.30975341796875,794.4000244140625,1659.8187255859375,400.2444152832031,25001.150390625
2025-05-27,384.50799560546875,334.60260009765625,5012.2177734375,1435.324951171875,285.2278137207031,793.7000122070312,1667.0478515625,399.84674072265625,24826.19921875
2025-05-28,389.54632568359375,333.903564453125,5000.95556640625,1442.6683349609375,281.9353942871094,796.5499877929688,1650.2130126953125,394.0309753417969,24752.44921875
2025-05-29,385.90472412109375,335.1518859863281,4983.9130859375,1445.3475341796875,283.8236999511719,797.3499755859375,1683.28857421875,394.97540283203125,24833.599609375
2025-05-30,383.7098388671875,335.40155029296875,4957.40234375,1434.7296142578125,280.5797424316406,812.2999877929688,1661.30419921875,390.5017395019531,24750.69921875
2025-06-02,386.6031188964844,333.55401611328125,5000.2578125,1439.3935546875,283.7752685546875,813.6500244140625,1658.3333740234375,394.5280456542969,24716.599609375
2025-06-03,385.1065979003906,336.749755859375,4972.45166015625,1426.8900146484375,279.1271667480469,809.7999877929688,1651.30224609375,389.2093505859375,24542.5
2025-06-04,389.6959533691406,335.9508056640625,4943.14990234375,1420.0428466796875,279.4176940917969,806.5,1648.7276611328125,391.3467712402344,24620.19921875
2025-06-05,392.5892333984375,330.1585693359375,5054.5751953125,1443.66064453125,284.93731689453125,806.0,1666.750732421875,391.2473449707031,24750.900390625
2025-06-06,389.7957458496094,329.6092834472656,4972.55126953125,1448.5230712890625,286.4382019042969,813.0499877929688,1662.888671875,397.21221923828125,25003.05078125
2025-06-09,391.54168701171875,337.698486328125,4991.78662109375,1423.8138427734375,290.9894714355469,820.0499877929688,1677.9410400390625,403.8233337402344,25103.19921875
2025-06-10,396.4801940917969,340.7444152832031,5094.93896484375,1412.0048828125,291.5220642089844,817.0499877929688,1672.3955078125,410.7823791503906,25104.25
2025-06-11,391.9906311035156,353.9767150878906,5022.88134765625,1420.0428466796875,286.0993347167969,815.0499877929688,1674.177978515625,409.63909912109375,25141.400390625
2025-06-12,386.50335693359375,351.7796630859375,4939.36328125,1414.2872314453125,279.8534851074219,805.9500122070312,1671.009033203125,399.2999572753906,24888.19921875
2025-06-13,393.2876281738281,354.9254455566406,5009.1279296875,1405.2569580078125,276.4642333984375,792.3499755859375,1671.4051513671875,394.8760070800781,24718.599609375
2025-06-16,402.915283203125,356.7729797363281,5046.70166015625,1415.9742431640625,279.5145263671875,792.5,1668.929443359375,397.0631103515625,24946.5
2025-06-17,400.8201599121094,352.1791076660156,5030.3564453125,1412.302490234375,279.4176940917969,792.2999877929688,1634.1702880859375,393.7326965332031,24853.400390625
2025-06-18,399.5730285644531,341.5433349609375,4977.2353515625,1401.78369140625,278.2072448730469,791.9000244140625,1631.99169921875,391.0982360839844,24812.05078125
2025-06-19,397.6275329589844,348.134521484375,4885.84326171875,1400.4937744140625,277.3841552734375,785.0999755859375,1631.5955810546875,382.29998779296875,24793.25
2025-06-20,407.30511474609375,350.880859375,4956.40576171875,1416.1727294921875,283.8236999511719,796.1500244140625,1648.9256591796875,390.1000061035156,25112.400390625
2025-06-23,419.9258117675781,351.729736328125,5011.32080078125,1409.226318359375,281.06390380859375,790.2000122070312,1646.350830078125,393.0,24971.900390625
2025-06-24,417.5313720703125,348.7337341308594,4870.09619140625,1413.1956787109375,276.8999938964844,795.4000244140625,1645.55859375,398.45001220703125,25044.349609375
2025-06-25,405.11016845703125,350.9307861328125,4776.611328125,1414.8826904296875,281.257568359375,800.0499877929688,1653.3818359375,403.04998779296875,25244.75
2025-06-26,409.15081787109375,350.031982421875,4800.92919921875,1428.080810546875,284.2110595703125,797.0499877929688,1653.5799560546875,405.6499938964844,25549.0
2025-06-27,413.5406494140625,353.9267883300781,4881.4580078125,1451.00390625,289.7790832519531,805.4000244140625,1671.20703125,408.8500061035156,25637.80078125
2025-06-30,420.5244445800781,355.2250671386719,4853.4521484375,1434.7296142578125,290.4084777832031,820.3499755859375,1659.4227294921875,405.45001220703125,25517.05078125
2025-07-01,431.2495422363281,362.0159606933594,4895.71044921875,1421.03515625,288.1328430175781,820.2999877929688,1651.0052490234375,406.54998779296875,25541.80078125
2025-07-02,425.9618225097656,368.057861328125,4881.8564453125,1416.867431640625,285.518310546875,812.9000244140625,1661.205078125,406.6499938964844,25453.400390625
2025-07-03,425.263427734375,373.95001220703125,4914.646484375,1414.98193359375,284.4047546386719,807.0999755859375,1663.3837890625,399.8999938964844,25405.30078125
2025-07-04,426.5604248046875,380.04998779296875,4976.4384765625,1431.7525634765625,284.6952209472656,811.8499755859375,1660.016845703125,401.0,25461.0
2025-07-07,416.1346130371094,372.1000061035156,4995.77294921875,1424.706787109375,286.5350646972656,806.8499755859375,1669.05810546875,401.20001220703125,25461.30078125
2025-07-08,421.0232849121094,369.3500061035156,4985.70703125,1430.9586181640625,288.3265380859375,812.6500244140625,1661.7059326171875,400.8500061035156,25522.5
2025-07-09,416.683349609375,373.54998779296875,4990.59033203125,1420.93603515625,290.1663818359375,810.9500122070312,1658.6259765625,400.6499938964844,25476.099609375
2025-07-10,412.5429382324219,372.3999938964844,4899.0986328125,1413.1956787109375,289.7790832519531,808.0,1651.7703857421875,399.8999938964844,25355.25
2025-07-11,408.3526611328125,374.20001220703125,4849.76513671875,1411.0125732421875,289.1011962890625,808.6500244140625,1661.2091064453125,396.8500061035156,25149.849609375
2025-07-14,406.3572998046875,379.1000061035156,4869.79736328125,1412.1041259765625,288.7623291015625,808.8499755859375,1671.74072265625,402.54998779296875,25082.30078125
2025-07-15,408.00347900390625,390.45001220703125,4880.36181640625,1419.844482421875,288.6170349121094,816.4500122070312,1716.3509521484375,403.8999938964844,25195.80078125
2025-07-16,405.2099609375,394.6499938964844,4855.24658203125,1415.4781494140625,287.6486511230469,831.7000122070312,1690.02197265625,414.70001220703125,25212.05078125
2025-07-17,403.2644958496094,397.0,4773.22265625,1407.8370361328125,287.21295166015625,829.0,1692.406494140625,413.45001220703125,25111.44921875
2025-07-18,393.8363342285156,398.75,4636.0849609375,1414.8826904296875,284.8404541015625,823.3499755859375,1682.669677734375,407.8999938964844,24968.400390625
2025-07-21,399.0243225097656,394.6499938964844,4735.05126953125,1454.576416015625,287.6002502441406,824.2000122070312,1681.378173828125,401.8500061035156,25090.69921875
2025-07-22,402.1670227050781,387.20001220703125,4742.22705078125,1462.316650390625,288.37493896484375,815.0,1667.17041015625,399.1499938964844,25060.900390625
2025-07-23,399.27374267578125,396.95001220703125,4699.96923828125,1477.2017822265625,289.7790832519531,820.6500244140625,1671.641357421875,402.5,25219.900390625
2025-07-24,397.3282470703125,397.6000061035156,4664.8876953125,1472.0416259765625,289.87591552734375,815.7000122070312,1681.080078125,400.70001220703125,25062.099609375
2025-07-25,394.2853088378906,394.1499938964844,4537.4169921875,1465.789794921875,282.8553466796875,806.5499877929688,1688.034912109375,395.3500061035156,24837.0
2025-07-28,388.3490905761719,387.45001220703125,4491.4716796875,1477.00341796875,282.66168212890625,797.1500244140625,1691.214111328125,399.20001220703125,24680.900390625
2025-07-29,387.35137939453125,398.1499938964844,4482.900390625,1474.8201904296875,283.8236999511719,799.2000122070312,1699.460693359375,399.8500061035156,24821.099609375
2025-07-30,385.6054382324219,397.29998779296875,4529.74267578125,1471.04931640625,279.8050842285156,801.6500244140625,1722.6103515625,401.3500061035156,24855.05078125
2025-07-31,382.21331787109375,391.3999938964844,4518.6796875,1470.0570068359375,281.7901611328125,796.5499877929688,1695.6851806640625,397.75,24768.349609375
2025-08-01,376.32696533203125,383.1000061035156,4423.7998046875,1460.3319091796875,282.0322265625,794.0,1619.18212890625,389.29998779296875,24565.349609375
2025-08-04,388.64837646484375,382.3999938964844,4522.66650390625,1451.9962158203125,278.8367004394531,795.7000122070312,1631.0052490234375,387.1000061035156,24722.75
2025-08-05,385.7550964355469,372.3500061035156,4562.83154296875,1433.3402099609375,276.9483947753906,800.5999755859375,1621.566650390625,385.54998779296875,24649.55078125
2025-08-06,388.79803466796875,360.3999938964844,4523.3642578125,1432.54638671875,275.786376953125,805.1500244140625,1584.90478515625,385.54998779296875,24574.19921875
2025-08-07,386.8525390625,364.20001220703125,4535.32421875,1429.271728515625,276.51263427734375,805.1500244140625,1588.0841064453125,385.54998779296875,24596.150390625
2025-08-08,383.7098388671875,343.3500061035156,4425.693359375,1424.9053955078125,275.8348083496094,804.2999877929688,1576.6583251953125,378.79998779296875,24363.30078125
2025-08-11,383.0114440917969,342.1000061035156,4429.978515625,1425.5999755859375,275.8348083496094,823.4500122070312,1598.0196533203125,384.29998779296875,24585.05078125
2025-08-12,379.4696960449219,354.8999938964844,4394.59765625,1422.0,275.64111328125,820.5999755859375,1611.73046875,384.45001220703125,24487.400390625
2025-08-13,387.95001220703125,360.25,4509.2119140625,1420.800048828125,279.07879638671875,821.8499755859375,1629.217041015625,387.20001220703125,24619.349609375
2025-08-14,384.8999938964844,359.25,4539.80908203125,1427.300048828125,279.56298828125,826.5499877929688,1630.806640625,385.29998779296875,24631.30078125
2025-08-18,382.5,364.29998779296875,4499.1455078125,1434.5999755859375,281.1607360839844,827.6500244140625,1622.1627197265625,387.29998779296875,24876.94921875
2025-08-19,380.04998779296875,363.8500061035156,4437.65283203125,1436.300048828125,280.0909118652344,830.4000244140625,1616.10205078125,389.1499938964844,24980.650390625
2025-08-20,371.8500061035156,359.45001220703125,4453.39990234375,1430.5999755859375,280.47991943359375,828.9500122070312,1622.5601806640625,390.54998779296875,25050.55078125
2025-08-21,374.20001220703125,357.75,4474.0,1446.0,276.2007751464844,825.7000122070312,1629.6142578125,388.04998779296875,25083.75
2025-08-22,374.8500061035156,359.5,4473.0,1436.4000244140625,275.5686340332031,816.25,1631.2041015625,385.6000061035156,24870.099609375
2025-08-25,372.04998779296875,359.95001220703125,4457.60009765625,1433.199951171875,276.3466491699219,816.4500122070312,1646.0078125,383.25,24967.75
2025-08-26,365.8500061035156,358.29998779296875,4383.60009765625,1416.5999755859375,272.2133483886719,807.8499755859375,1589.971923828125,377.75,24712.05078125
2025-08-28,363.8500061035156,353.25,4344.7001953125,1399.0999755859375,266.9130554199219,801.9500122070312,1575.466064453125,371.1000061035156,24500.900390625
2025-08-29,369.3999938964844,348.3500061035156,4332.60009765625,1397.800048828125,267.6910705566406,802.5,1584.2093505859375,374.1499938964844,24426.849609375
2025-09-01,373.8999938964844,352.54998779296875,4429.60009765625,1411.0,272.1647644042969,806.0499877929688,1553.210693359375,380.54998779296875,24625.05078125
2025-09-02,376.6000061035156,356.1000061035156,4451.5,1394.199951171875,278.8266296386719,803.9000244140625,1555.098388671875,386.04998779296875,24579.599609375
2025-09-03,378.70001220703125,361.54998779296875,4451.0,1397.0,278.1944580078125,812.1500244140625,1568.51123046875,389.1499938964844,24715.05078125
2025-09-04,372.5,356.8500061035156,4436.89990234375,1405.5,274.0611877441406,809.4000244140625,1572.088134765625,382.6000061035156,24734.30078125
2025-09-05,370.79998779296875,363.70001220703125,4404.7998046875,1402.800048828125,277.5137023925781,806.5999755859375,1583.3150634765625,385.79998779296875,24741.0
2025-09-08,371.8999938964844,364.1499938964844,4443.60009765625,1402.699951171875,275.0337219238281,808.7999877929688,1570.79638671875,383.25,24773.150390625
2025-09-09,371.95001220703125,364.5,4454.0,1403.699951171875,276.0549011230469,808.8499755859375,1581.4273681640625,384.6499938964844,24868.599609375
2025-09-10,388.04998779296875,364.20001220703125,4557.5,1403.9000244140625,275.17962646484375,818.2000122070312,1583.116455078125,386.5,24973.099609375
2025-09-11,385.1499938964844,364.04998779296875,4581.2001953125,1401.5999755859375,278.92388916015625,823.6500244140625,1599.3111572265625,388.1000061035156,25005.5
2025-09-12,399.29998779296875,365.20001220703125,4745.60009765625,1417.699951171875,279.75054931640625,823.5499877929688,1606.1666259765625,386.25,25114.0
2025-09-15,398.45001220703125,358.25,4795.2001953125,1419.4000244140625,278.38897705078125,824.75,1591.660888671875,388.0,25069.19921875
2025-09-16,402.8999938964844,360.20001220703125,4840.0,1421.5999755859375,280.43133544921875,831.5499877929688,1600.1060791015625,396.04998779296875,25239.099609375
2025-09-17,412.20001220703125,354.3500061035156,4890.2001953125,1419.199951171875,279.2642822265625,857.1500244140625,1609.743408203125,394.6499938964844,25330.25
2025-09-18,409.8999938964844,368.3999938964844,4856.7998046875,1421.699951171875,281.1607360839844,854.3499755859375,1637.9600830078125,393.1000061035156,25423.599609375
2025-09-19,408.8999938964844,369.20001220703125,4916.2001953125,1402.199951171875,278.3403625488281,862.3499755859375,1645.3123779296875,396.29998779296875,25327.05078125
2025-09-22,406.3999938964844,362.1499938964844,4808.7001953125,1401.5,278.7779846191406,855.25,1633.389892578125,395.29998779296875,25202.349609375
2025-09-23,404.45001220703125,359.5,4799.89990234375,1394.300048828125,280.6744689941406,870.5999755859375,1620.67236328125,395.5,25169.5
2025-09-24,395.45001220703125,358.95001220703125,4723.89990234375,1382.699951171875,285.245361328125,866.2000122070312,1616.598876953125,390.29998779296875,25056.900390625
2025-09-25,403.1499938964844,355.95001220703125,4775.2001953125,1375.800048828125,276.58978271484375,861.1500244140625,1616.89697265625,386.0,24890.849609375
2025-09-26,395.8999938964844,338.8999938964844,4736.10009765625,1359.5999755859375,274.49884033203125,856.9500122070312,1576.4595947265625,383.79998779296875,24654.69921875
2025-09-29,399.95001220703125,340.1499938964844,4740.0,1348.0999755859375,272.8941650390625,870.75,1579.04296875,388.04998779296875,24634.900390625
2025-09-30,403.95001220703125,341.0,4746.5,1348.0,272.55377197265625,872.4500122070312,1584.0106201171875,388.6499938964844,24611.099609375
2025-10-01,406.5,346.45001220703125,4803.39990234375,1372.0,272.9427795410156,864.0999755859375,1625.64013671875,391.1499938964844,24836.30078125
2025-10-03,412.6499938964844,352.25,4870.39990234375,1365.199951171875,281.7442626953125,867.2999877929688,1620.67236328125,394.8999938964844,24894.25
2025-10-06,413.25,347.75,4845.2001953125,1363.4000244140625,279.0211486816406,874.0499877929688,1644.020751953125,395.54998779296875,25077.650390625
2025-10-07,410.29998779296875,347.79998779296875,4837.60009765625,1375.9000244140625,281.0634765625,864.7000122070312,1642.4310302734375,392.5,25108.30078125
2025-10-08,403.6499938964844,349.0,4789.10009765625,1370.300048828125,277.4650573730469,858.25,1621.06982421875,385.45001220703125,25046.150390625
2025-10-09,409.3500061035156,352.5,4846.2998046875,1376.199951171875,278.2917175292969,862.0999755859375,1647.7962646484375,388.20001220703125,25181.80078125
2025-10-10,413.5,353.45001220703125,4832.89990234375,1380.300048828125,281.2093505859375,880.6500244140625,1660.1162109375,390.1000061035156,25285.349609375
2025-10-13,409.3999938964844,349.3999938964844,4745.39990234375,1379.4000244140625,278.2917175292969,882.9500122070312,1657.63232421875,391.1499938964844,25227.349609375
2025-10-14,402.3999938964844,351.8500061035156,4746.7998046875,1384.0999755859375,279.6046447753906,876.9500122070312,1643.7227783203125,391.54998779296875,25145.5
2025-10-15,408.1000061035156,356.3999938964844,4845.2001953125,1398.4000244140625,282.9599304199219,886.0999755859375,1644.418212890625,396.5,25323.55078125
2025-10-16,411.79998779296875,358.20001220703125,4861.2998046875,1417.300048828125,283.835205078125,886.9500122070312,1648.29296875,399.0,25585.30078125
2025-10-17,412.79998779296875,356.1499938964844,4878.5,1436.5999755859375,281.7928771972656,889.1500244140625,1668.2633056640625,397.79998779296875,25709.849609375
2025-10-20,416.5,364.29998779296875,4860.0,1390.300048828125,280.28546142578125,907.5,1677.7020263671875,399.79998779296875,25843.150390625
2025-10-21,417.70001220703125,366.1000061035156,4858.2001953125,1382.0,280.6744689941406,907.8499755859375,1679.5897216796875,398.79998779296875,25868.599609375
2025-10-23,418.6499938964844,362.29998779296875,4810.2001953125,1363.699951171875,281.69561767578125,911.5499877929688,1678.99365234375,397.6499938964844,25891.400390625
2025-10-24,422.04998779296875,359.5,4814.2001953125,1377.699951171875,280.57720947265625,904.5,1688.034912109375,396.8500061035156,25795.150390625
2025-10-27,415.1499938964844,360.45001220703125,4756.7998046875,1377.5999755859375,283.0571594238281,922.75,1682.669677734375,400.25,25966.05078125
2025-10-28,413.54998779296875,365.75,4724.5,1363.0999755859375,280.3340759277344,930.25,1676.1123046875,398.6499938964844,25936.19921875
2025-10-29,407.20001220703125,373.70001220703125,4695.10009765625,1370.4000244140625,287.2391052246094,939.75,1704.8258056640625,410.70001220703125,26053.900390625
2025-10-30,409.8999938964844,376.6000061035156,4650.2001953125,1362.4000244140625,283.49481201171875,934.3499755859375,1692.406494140625,409.79998779296875,25877.849609375
2025-10-31,426.1000061035156,372.1000061035156,4679.7998046875,1345.300048828125,280.23681640625,937.0,1679.788330078125,404.8999938964844,25722.099609375
2025-11-03,422.29998779296875,377.1499938964844,4694.7001953125,1346.4000244140625,280.0909118652344,949.7000122070312,1695.3870849609375,408.6000061035156,25763.349609375
2025-11-04,415.1499938964844,380.5,4685.7998046875,1336.9000244140625,271.3866882324219,957.5999755859375,1679.093017578125,400.6000061035156,25597.650390625
2025-11-06,408.79998779296875,385.20001220703125,4593.60009765625,1320.4000244140625,262.77978515625,960.75,1675.0194091796875,391.75,25509.69921875
2025-11-07,414.25,380.3999938964844,4626.60009765625,1343.0,264.53033447265625,955.8499755859375,1680.48388671875,393.20001220703125,25492.30078125
2025-11-10,416.8500061035156,382.1499938964844,4789.7998046875,1348.0,265.2225646972656,951.1500244140625,1686.8426513671875,395.8500061035156,25574.349609375
2025-11-11,427.29998779296875,385.1000061035156,4862.60009765625,1358.300048828125,264.67864990234375,953.2999877929688,1705.0245361328125,395.6000061035156,25694.94921875
2025-11-12,424.75,405.8999938964844,4748.5,1358.9000244140625,264.134765625,957.1500244140625,1720.9212646484375,388.6499938964844,25875.80078125
2025-11-13,419.79998779296875,417.0,4751.0,1385.9000244140625,266.854248046875,954.0,1726.18701171875,388.79998779296875,25879.150390625
2025-11-14,426.8500061035156,411.1499938964844,4729.7998046875,1373.0,268.2881164550781,967.8499755859375,1745.7598876953125,388.3999938964844,25910.05078125
2025-11-17,424.54998779296875,420.95001220703125,4795.2001953125,1379.0,270.5131530761719,973.3499755859375,1752.5159912109375,392.75,26013.44921875
2025-11-18,420.8999938964844,421.6000061035156,4807.89990234375,1373.4000244140625,271.15594482421875,972.4500122070312,1747.448974609375,386.25,25910.05078125
2025-11-19,423.20001220703125,410.1000061035156,4744.2001953125,1383.0999755859375,272.09539794921875,982.75,1772.5855712890625,389.1000061035156,26052.650390625
2025-11-20,423.0,395.1499938964844,4716.60009765625,1383.0,274.1226501464844,981.5499877929688,1765.928955078125,388.1000061035156,26192.150390625
2025-11-21,416.3500061035156,396.8500061035156,4595.0,1369.5,274.5181884765625,972.5999755859375,1768.2139892578125,387.0,26068.150390625
2025-11-24,403.79998779296875,395.25,4445.10009765625,1368.4000244140625,272.7381591796875,970.5999755859375,1769.3070068359375,382.54998779296875,25959.5
2025-11-25,410.25,393.25,4441.60009765625,1357.800048828125,270.4142761230469,983.5999755859375,1765.332763671875,380.0,25884.80078125
2025-11-26,415.29998779296875,398.45001220703125,4517.7998046875,1375.0,271.9964904785156,983.9000244140625,1793.25146484375,391.5,26205.30078125
2025-11-27,413.04998779296875,399.6499938964844,4483.2001953125,1392.199951171875,270.6614990234375,972.8499755859375,1798.6165771484375,392.04998779296875,26215.55078125
2025-11-28,411.75,398.3500061035156,4542.39990234375,1388.800048828125,266.953125,979.0,1819.779052734375,390.1000061035156,26202.94921875
2025-12-01,417.25,394.5,4530.7001953125,1390.0999755859375,266.65643310546875,973.0999755859375,1795.7353515625,389.75,26175.75
2025-12-02,413.04998779296875,399.0,4508.5,1373.0,264.48089599609375,967.2999877929688,1787.88623046875,388.45001220703125,26032.19921875
2025-12-03,403.95001220703125,410.0,4436.2998046875,1391.5,265.46978759765625,951.0499877929688,1795.039794921875,383.6499938964844,25986.0
2025-12-04,407.1499938964844,388.3500061035156,4496.7998046875,1386.699951171875,266.1125793457031,948.0999755859375,1806.56494140625,384.45001220703125,26033.75
2025-12-05,406.8999938964844,392.6499938964844,4443.0,1392.5,266.8047790527344,971.5,1793.64892578125,384.5,26186.44921875
2025-12-08,386.3999938964844,383.79998779296875,4287.10009765625,1389.5999755859375,262.255859375,956.4000244140625,1784.6075439453125,374.1499938964844,25960.55078125
2025-12-09,389.45001220703125,383.6499938964844,4303.0,1375.199951171875,261.6130676269531,959.3499755859375,1764.5379638671875,376.25,25839.650390625
2025-12-10,387.3500061035156,379.1499938964844,4294.10009765625,1363.5999755859375,262.5525207519531,959.75,1773.9765625,379.8500061035156,25758.0
2025-12-11,387.5,381.75,4320.7998046875,1360.0,261.86029052734375,963.25,1795.5364990234375,380.1499938964844,25898.55078125
2025-12-12,389.45001220703125,386.3500061035156,4302.5,1366.0,260.6736145019531,963.1500244140625,1781.9249267578125,381.95001220703125,26046.94921875
2025-12-15,390.75,390.6499938964844,4321.60009765625,1365.199951171875,259.2891845703125,967.25,1785.501708984375,381.6499938964844,26027.30078125
2025-12-16,388.0,384.8999938964844,4261.39990234375,1366.0,257.459716796875,961.1500244140625,1769.8037109375,379.8500061035156,25860.099609375
2025-12-17,385.6000061035156,386.1000061035156,4228.39990234375,1352.4000244140625,258.2013854980469,975.8499755859375,1781.328857421875,378.54998779296875,25818.55078125
2025-12-18,383.45001220703125,392.25,4259.5,1356.800048828125,255.0863494873047,977.5499877929688,1734.6322021484375,374.95001220703125,25815.55078125
2025-12-19,392.8500061035156,398.54998779296875,4305.2998046875,1354.0999755859375,260.5252990722656,980.2999877929688,1733.638671875,380.54998779296875,25966.400390625
2025-12-22,398.95001220703125,399.29998779296875,4386.10009765625,1368.5,262.0580749511719,974.2999877929688,1758.3779296875,380.79998779296875,26172.400390625
2025-12-23,399.3999938964844,401.54998779296875,4407.39990234375,1363.0,264.0358581542969,971.9000244140625,1744.567626953125,382.20001220703125,26177.150390625
2025-12-24,400.0,398.3500061035156,4421.2998046875,1359.800048828125,265.0741882324219,968.9500122070312,1725.7896728515625,379.70001220703125,26142.099609375
2025-12-26,398.45001220703125,395.45001220703125,4409.2001953125,1350.4000244140625,262.5030822753906,966.2999877929688,1708.402587890625,379.54998779296875,26042.30078125
2025-12-29,393.25,390.3999938964844,4374.2998046875,1343.300048828125,257.7069396972656,965.0499877929688,1706.1173095703125,376.20001220703125,25942.099609375
2025-12-30,393.29998779296875,390.3999938964844,4325.5,1342.5,257.459716796875,973.4500122070312,1709.0980224609375,374.3500061035156,25938.849609375
2025-12-31,399.6000061035156,393.8999938964844,4388.7001953125,1342.9000244140625,261.66253662109375,982.2000122070312,1708.6011962890625,379.6000061035156,26129.599609375
2026-01-01,397.70001220703125,387.75,4397.89990234375,1338.0,263.83807373046875,984.75,1709.9921875,381.8500061035156,26146.55078125
2026-01-02,403.1499938964844,392.95001220703125,4417.7998046875,1355.4000244140625,267.9420471191406,998.9500122070312,1716.84765625,393.1000061035156,26328.55078125
2026-01-05,413.79998779296875,391.3500061035156,4526.10009765625,1371.5,268.6342468261719,1005.5499877929688,1717.741943359375,388.8500061035156,26250.30078125
2026-01-06,413.1000061035156,385.1499938964844,4516.0,1411.199951171875,265.56866455078125,1018.9000244140625,1748.83984375,386.5,26178.69921875
2026-01-07,415.6499938964844,387.04998779296875,4525.10009765625,1427.699951171875,261.1680603027344,1007.1500244140625,1771.0953369140625,380.75,26140.75
2026-01-08,415.6499938964844,377.95001220703125,4479.7998046875,1435.0,256.4213562011719,998.0,1749.336669921875,374.20001220703125,25876.849609375
2026-01-09,418.6499938964844,379.6000061035156,4462.10009765625,1404.300048828125,255.1357879638672,1000.5,1718.7354736328125,364.79998779296875,25683.30078125
2026-01-12,417.70001220703125,371.79998779296875,4518.39990234375,1413.0999755859375,255.67967224121094,1015.1500244140625,1724.7960205078125,370.6000061035156,25790.25
2026-01-13,413.70001220703125,377.29998779296875,4452.39990234375,1437.0,255.92689514160156,1028.449951171875,1717.5430908203125,368.45001220703125,25732.30078125
2026-01-14,417.6000061035156,379.0,4461.39990234375,1418.4000244140625,255.48190307617188,1028.3499755859375,1689.723876953125,367.3999938964844,25665.599609375
2026-01-15,417.6000061035156,379.0,4461.39990234375,1418.4000244140625,255.48190307617188,1028.3499755859375,1689.723876953125,367.3999938964844,
2026-01-16,410.25,377.6499938964844,4428.7001953125,1410.800048828125,254.44354248046875,1042.300048828125,1658.129150390625,366.1000061035156,25694.349609375
2026-01-19,412.79998779296875,376.04998779296875,4504.2998046875,1380.5999755859375,254.7896728515625,1038.4000244140625,1664.587158203125,363.20001220703125,25585.5
2026-01-20,409.3500061035156,366.8500061035156,4355.2001953125,1375.800048828125,251.22964477539062,1036.4000244140625,1603.384765625,352.95001220703125,25232.5
2026-01-21,402.6499938964844,364.8500061035156,4259.39990234375,1349.0,252.96022033691406,1028.6500244140625,1602.4906005859375,349.3500061035156,25157.5
2026-01-22,417.29998779296875,373.0,4353.2001953125,1345.5,256.3719177246094,1048.3499755859375,1623.653076171875,353.29998779296875,25289.900390625
2026-01-23,410.70001220703125,366.20001220703125,4305.7001953125,1343.4000244140625,251.32852172851562,1029.5,1621.367919921875,345.25,25048.650390625
2026-01-27,415.95001220703125,365.25,4348.5,1361.4000244140625,251.52630615234375,1053.1500244140625,1628.32275390625,347.75,25175.400390625
2026-01-28,453.0,370.5,4624.0,1367.699951171875,256.9158020019531,1063.5,1600.205322265625,355.04998779296875,25342.75
2026-01-29,444.5,365.29998779296875,4601.0,1383.5999755859375,257.6080322265625,1066.199951171875,1579.04296875,366.45001220703125,25418.900390625
2026-01-30,449.0,366.79998779296875,4619.39990234375,1355.0,253.65243530273438,1077.1500244140625,1585.004150390625,366.29998779296875,25320.650390625
2026-02-02,439.1000061035156,370.1499938964844,4338.7001953125,1352.800048828125,267.39813232421875,1028.699951171875,1617.393798828125,358.79998779296875,25088.400390625
2026-02-03,438.95001220703125,372.29998779296875,4470.39990234375,1389.699951171875,280.0560302734375,1064.199951171875,1691.1148681640625,365.1000061035156,25727.55078125
2026-02-04,439.20001220703125,368.54998779296875,4217.10009765625,1408.4000244140625,286.18719482421875,1068.199951171875,1693.4000244140625,371.54998779296875,25776.0
2026-02-05,432.8999938964844,367.79998779296875,4035.5,1396.5,286.13775634765625,1073.5,1702.5999755859375,364.5,25642.80078125
2026-02-06,429.6499938964844,365.3999938964844,4067.5,1406.0999755859375,289.5,1066.4000244140625,1695.0999755859375,365.95001220703125,25693.69921875
2026-02-09,437.29998779296875,373.95001220703125,4131.0,1396.300048828125,289.75,1146.0,1704.5999755859375,368.70001220703125,25867.30078125
2026-02-10,437.29998779296875,371.04998779296875,4168.2998046875,1406.5,294.3500061035156,1144.0999755859375,1707.800048828125,369.95001220703125,25935.150390625
2026-02-11,437.54998779296875,375.20001220703125,4133.0,1406.0999755859375,294.45001220703125,1182.9000244140625,1711.0999755859375,375.6499938964844,25953.849609375
2026-02-12,443.8999938964844,375.04998779296875,4158.89990234375,1430.0,293.8999938964844,1192.4000244140625,1714.9000244140625,380.54998779296875,25807.19921875
2026-02-13,435.54998779296875,377.95001220703125,4212.39990234375,1414.5999755859375,287.20001220703125,1198.5999755859375,1697.5,374.1000061035156,25471.099609375
